line_number,modified_ast
20,PropertyDeclaration 20 GenericName 20 TypeArgumentList 20 NullableType 20 PredefinedType 20 AccessorList 20 GetAccessorDeclaration 20 SetAccessorDeclaration
42,LocalDeclarationStatement 42 VariableDeclaration 42 NullableType 42 PredefinedType 42 VariableDeclarator 42 EqualsValueClause 42 InvocationExpression 42 SimpleMemberAccessExpression 42 SimpleMemberAccessExpression 42 IdentifierName 42 IdentifierName 42 IdentifierName 42 ArgumentList 42 Argument 42 IdentifierName
7,ClassDeclaration
33,ClassDeclaration
38,MethodDeclaration 38 IdentifierName 38 ParameterList
44,Parameter 44 NullableType 44 PredefinedType
68,EmptyStatement
128,ExpressionStatement 128 InvocationExpression 128 SimpleMemberAccessExpression 128 IdentifierName 128 IdentifierName 128 ArgumentList 128 Argument 128 InterpolatedStringExpression 128 InterpolatedStringText 128 Interpolation 128 SimpleMemberAccessExpression 128 IdentifierName 128 IdentifierName 128 InterpolatedStringText
21,IfStatement 21 LogicalAndExpression 21 GreaterThanOrEqualExpression 21 IdentifierName 21 NumericLiteralExpression 21 LessThanExpression 21 IdentifierName 21 NumericLiteralExpression
45,LocalDeclarationStatement 45 VariableDeclaration 45 IdentifierName 45 VariableDeclarator 45 EqualsValueClause 45 ObjectCreationExpression 45 GenericName 45 TypeArgumentList 45 NullableType 45 PredefinedType 45 ArgumentList 45 Argument 45 StringLiteralExpression 45 Argument 45 StringLiteralExpression
13,BaseList 13 SimpleBaseType 13 IdentifierName
12,BaseList 12 SimpleBaseType 12 IdentifierName
62,IfStatement 62 IsExpression 62 IdentifierName 62 IdentifierName
39,IfStatement 39 LogicalNotExpression 39 InvocationExpression 39 SimpleMemberAccessExpression 39 SimpleMemberAccessExpression 39 IdentifierName 39 IdentifierName 39 IdentifierName 39 ArgumentList 39 Argument 39 ObjectCreationExpression 39 IdentifierName 39 ArgumentList 39 Argument 39 IdentifierName 39 Argument 39 IdentifierName
28,Argument 28 InterpolatedStringExpression 28 InterpolatedStringText 28 Interpolation 28 SimpleMemberAccessExpression 28 SimpleMemberAccessExpression 28 IdentifierName 28 IdentifierName 28 IdentifierName 28 InterpolatedStringText 28 Interpolation 28 SimpleMemberAccessExpression 28 TypeOfExpression 28 IdentifierName 28 IdentifierName 28 Argument 28 IdentifierName
48,Argument 48 InterpolatedStringExpression 48 InterpolatedStringText 48 Interpolation 48 SimpleMemberAccessExpression 48 SimpleMemberAccessExpression 48 IdentifierName 48 IdentifierName 48 IdentifierName 48 InterpolatedStringText 48 Interpolation 48 SimpleMemberAccessExpression 48 TypeOfExpression 48 IdentifierName 48 IdentifierName 48 Argument 48 IdentifierName
41,GenericName 41 TypeArgumentList 41 IdentifierName 41 ArgumentList
75,ExpressionStatement 75 SimpleAssignmentExpression 75 IdentifierName 75 ConditionalExpression 75 EqualsExpression 75 AsExpression 75 SimpleMemberAccessExpression 75 IdentifierName 75 IdentifierName 75 IdentifierName 75 NullLiteralExpression
80,Block
90,Block
95,IfStatement 95 InvocationExpression 95 SimpleMemberAccessExpression 95 IdentifierName 95 IdentifierName 95 ArgumentList 95 Argument 95 IdentifierName 95 Argument 95 SimpleMemberAccessExpression 95 IdentifierName 95 IdentifierName 95 Argument 95 SimpleMemberAccessExpression 95 IdentifierName 95 IdentifierName 95 Argument 95 DeclarationExpression 95 IdentifierName 95 SingleVariableDesignation
103,IfStatement 103 InvocationExpression 103 SimpleMemberAccessExpression 103 IdentifierName 103 IdentifierName 103 ArgumentList 103 Argument 103 IdentifierName 103 Argument 103 SimpleMemberAccessExpression 103 IdentifierName 103 IdentifierName 103 Argument 103 SimpleMemberAccessExpression 103 IdentifierName 103 IdentifierName 103 Argument 103 DeclarationExpression 103 IdentifierName 103 SingleVariableDesignation
159,IfStatement 159 InvocationExpression 159 SimpleMemberAccessExpression 159 PredefinedType 159 IdentifierName 159 ArgumentList 159 Argument 159 IdentifierName 159 Argument 159 SimpleMemberAccessExpression 159 IdentifierName 159 IdentifierName 159 Argument 159 SimpleMemberAccessExpression 159 IdentifierName 159 IdentifierName 159 Argument 159 DeclarationExpression 159 IdentifierName 159 SingleVariableDesignation
167,IfStatement 167 InvocationExpression 167 SimpleMemberAccessExpression 167 PredefinedType 167 IdentifierName 167 ArgumentList 167 Argument 167 IdentifierName 167 Argument 167 SimpleMemberAccessExpression 167 IdentifierName 167 IdentifierName 167 Argument 167 SimpleMemberAccessExpression 167 IdentifierName 167 IdentifierName 167 Argument 167 DeclarationExpression 167 IdentifierName 167 SingleVariableDesignation
175,IfStatement 175 InvocationExpression 175 SimpleMemberAccessExpression 175 PredefinedType 175 IdentifierName 175 ArgumentList 175 Argument 175 IdentifierName 175 Argument 175 SimpleMemberAccessExpression 175 IdentifierName 175 IdentifierName 175 Argument 175 SimpleMemberAccessExpression 175 IdentifierName 175 IdentifierName 175 Argument 175 DeclarationExpression 175 IdentifierName 175 SingleVariableDesignation
183,IfStatement 183 InvocationExpression 183 SimpleMemberAccessExpression 183 PredefinedType 183 IdentifierName 183 ArgumentList 183 Argument 183 IdentifierName 183 Argument 183 BitwiseOrExpression 183 SimpleMemberAccessExpression 183 IdentifierName 183 IdentifierName 183 SimpleMemberAccessExpression 183 IdentifierName 183 IdentifierName 183 Argument 183 SimpleMemberAccessExpression 183 IdentifierName 183 IdentifierName 183 Argument 183 DeclarationExpression 183 IdentifierName 183 SingleVariableDesignation
191,IfStatement 191 InvocationExpression 191 SimpleMemberAccessExpression 191 PredefinedType 191 IdentifierName 191 ArgumentList 191 Argument 191 IdentifierName 191 Argument 191 BitwiseOrExpression 191 SimpleMemberAccessExpression 191 IdentifierName 191 IdentifierName 191 SimpleMemberAccessExpression 191 IdentifierName 191 IdentifierName 191 Argument 191 SimpleMemberAccessExpression 191 IdentifierName 191 IdentifierName 191 Argument 191 DeclarationExpression 191 IdentifierName 191 SingleVariableDesignation
199,IfStatement 199 InvocationExpression 199 SimpleMemberAccessExpression 199 PredefinedType 199 IdentifierName 199 ArgumentList 199 Argument 199 IdentifierName 199 Argument 199 BitwiseOrExpression 199 SimpleMemberAccessExpression 199 IdentifierName 199 IdentifierName 199 SimpleMemberAccessExpression 199 IdentifierName 199 IdentifierName 199 Argument 199 SimpleMemberAccessExpression 199 IdentifierName 199 IdentifierName 199 Argument 199 DeclarationExpression 199 IdentifierName 199 SingleVariableDesignation
212,Block
223,Block
228,IfStatement 228 InvocationExpression 228 SimpleMemberAccessExpression 228 IdentifierName 228 IdentifierName 228 ArgumentList 228 Argument 228 IdentifierName 228 Argument 228 SimpleMemberAccessExpression 228 IdentifierName 228 IdentifierName 228 Argument 228 SimpleMemberAccessExpression 228 IdentifierName 228 IdentifierName 228 Argument 228 DeclarationExpression 228 IdentifierName 228 SingleVariableDesignation
236,IfStatement 236 InvocationExpression 236 SimpleMemberAccessExpression 236 IdentifierName 236 IdentifierName 236 ArgumentList 236 Argument 236 IdentifierName 236 Argument 236 SimpleMemberAccessExpression 236 IdentifierName 236 IdentifierName 236 Argument 236 SimpleMemberAccessExpression 236 IdentifierName 236 IdentifierName 236 Argument 236 DeclarationExpression 236 IdentifierName 236 SingleVariableDesignation
254,IfStatement 254 InvocationExpression 254 SimpleMemberAccessExpression 254 PredefinedType 254 IdentifierName 254 ArgumentList 254 Argument 254 IdentifierName 254 Argument 254 DeclarationExpression 254 IdentifierName 254 SingleVariableDesignation
26,IfStatement 26 LogicalNotExpression 26 ParenthesizedExpression 26 IsPatternExpression 26 ThisExpression 26 DeclarationPattern 26 IdentifierName 26 SingleVariableDesignation
33,LocalDeclarationStatement 33 VariableDeclaration 33 IdentifierName 33 VariableDeclarator 33 EqualsValueClause 33 InvocationExpression 33 SimpleMemberAccessExpression 33 IdentifierName 33 IdentifierName 33 ArgumentList 33 Argument 33 IdentifierName 33 Argument 33 IdentifierName
17,FieldDeclaration 17 VariableDeclaration 17 IdentifierName 17 VariableDeclarator 17 EqualsValueClause 17 ObjectCreationExpression 17 IdentifierName 17 ArgumentList
15,FieldDeclaration 15 VariableDeclaration 15 IdentifierName 15 VariableDeclarator
15,FieldDeclaration 15 VariableDeclaration 15 IdentifierName 15 VariableDeclarator
16,FieldDeclaration 16 VariableDeclaration 16 GenericName 16 TypeArgumentList 16 PredefinedType 16 IdentifierName 16 VariableDeclarator 16 EqualsValueClause 16 ObjectCreationExpression 16 GenericName 16 TypeArgumentList 16 PredefinedType 16 IdentifierName 16 ArgumentList
48,IfStatement 48 SimpleMemberAccessExpression 48 IdentifierName 48 IdentifierName
50,IfStatement 50 LogicalNotExpression 50 InvocationExpression 50 SimpleMemberAccessExpression 50 IdentifierName 50 IdentifierName 50 ArgumentList 50 Argument 50 SimpleMemberAccessExpression 50 IdentifierName 50 IdentifierName
15,FieldDeclaration 15 VariableDeclaration 15 IdentifierName 15 VariableDeclarator
16,FieldDeclaration 16 VariableDeclaration 16 IdentifierName 16 VariableDeclarator
45,LocalDeclarationStatement 45 VariableDeclaration 45 IdentifierName 45 VariableDeclarator 45 EqualsValueClause 45 AwaitExpression 45 InvocationExpression 45 SimpleMemberAccessExpression 45 IdentifierName 45 IdentifierName 45 ArgumentList 45 Argument 45 IdentifierName 45 Argument 45 IdentifierName
44,Parameter 44 PredefinedType
85,Block
106,MethodDeclaration 106 PredefinedType 106 TypeParameterList 106 TypeParameter 106 TypeParameter 106 ParameterList 107 Parameter 107 IdentifierName 108 Parameter 108 IdentifierName 109 Parameter 109 GenericName 109 TypeArgumentList 109 IdentifierName 109 IdentifierName 110 Block 111 ForEachStatement 111 IdentifierName 111 InvocationExpression 111 SimpleMemberAccessExpression 111 SimpleMemberAccessExpression 111 IdentifierName 111 IdentifierName 111 IdentifierName 111 ArgumentList 112 Block 113 TryStatement 114 Block 115 LocalDeclarationStatement 115 VariableDeclaration 115 IdentifierName 115 VariableDeclarator 115 EqualsValueClause 115 ObjectCreationExpression 115 GenericName 115 TypeArgumentList 115 IdentifierName 115 ArgumentList 117 ExpressionStatement 117 InvocationExpression 117 SimpleMemberAccessExpression 117 SimpleMemberAccessExpression 117 IdentifierName 117 IdentifierName 117 IdentifierName 117 ArgumentList 117 Argument 117 IdentifierName 119 ForEachStatement 119 IdentifierName 119 InvocationExpression 119 SimpleMemberAccessExpression 119 ElementAccessExpression 119 IdentifierName 119 BracketedArgumentList 119 Argument 119 IdentifierName 119 IdentifierName 119 ArgumentList 119 Argument 119 IdentifierName 120 Block 121 IfStatement 121 NotEqualsExpression 121 SimpleMemberAccessExpression 121 IdentifierName 121 IdentifierName 121 NullLiteralExpression 122 Block 123 ExpressionStatement 123 InvocationExpression 123 SimpleMemberAccessExpression 123 SimpleMemberAccessExpression 123 IdentifierName 123 IdentifierName 123 IdentifierName 123 ArgumentList 123 Argument 123 SimpleMemberAccessExpression 123 IdentifierName 123 IdentifierName 125 LocalDeclarationStatement 125 VariableDeclaration 125 IdentifierName 125 VariableDeclarator 125 EqualsValueClause 125 InvocationExpression 125 SimpleMemberAccessExpression 125 ElementAccessExpression 125 IdentifierName 125 BracketedArgumentList 125 Argument 125 IdentifierName 125 IdentifierName 125 ArgumentList 125 Argument 125 SimpleMemberAccessExpression 125 IdentifierName 125 IdentifierName 127 LocalDeclarationStatement 127 VariableDeclaration 127 IdentifierName 127 VariableDeclarator 127 EqualsValueClause 127 InvocationExpression 127 SimpleMemberAccessExpression 127 IdentifierName 127 IdentifierName 127 ArgumentList 128 Argument 128 IdentifierName 129 Argument 129 InvocationExpression 129 SimpleMemberAccessExpression 129 ElementAccessExpression 129 IdentifierName 129 BracketedArgumentList 129 Argument 129 IdentifierName 129 IdentifierName 129 ArgumentList 129 Argument 129 IdentifierName 131 ExpressionStatement 131 InvocationExpression 131 SimpleMemberAccessExpression 131 ElementAccessExpression 131 IdentifierName 131 BracketedArgumentList 131 Argument 131 IdentifierName 131 IdentifierName 131 ArgumentList 131 Argument 131 SimpleMemberAccessExpression 131 IdentifierName 131 IdentifierName 131 Argument 131 IdentifierName 135 CatchClause 135 CatchDeclaration 135 IdentifierName 136 Block 137 ExpressionStatement 137 SimpleAssignmentExpression 137 SimpleMemberAccessExpression 137 IdentifierName 137 IdentifierName 137 InvocationExpression 137 SimpleMemberAccessExpression 137 SimpleMemberAccessExpression 137 IdentifierName 137 IdentifierName 137 IdentifierName 137 ArgumentList 138 ExpressionStatement 138 InvocationExpression 138 SimpleMemberAccessExpression 138 SimpleMemberAccessExpression 138 SimpleMemberAccessExpression 138 SimpleMemberAccessExpression 138 IdentifierName 138 IdentifierName 138 IdentifierName 138 IdentifierName 138 IdentifierName 138 ArgumentList 138 Argument 138 ObjectCreationExpression 138 IdentifierName 138 ArgumentList 138 Argument 138 IdentifierName 140 FinallyClause 141 Block 142 ExpressionStatement 142 InvocationExpression 142 SimpleMemberAccessExpression 142 SimpleMemberAccessExpression 142 IdentifierName 142 IdentifierName 142 IdentifierName 142 ArgumentList
115,LocalDeclarationStatement 115 VariableDeclaration 115 IdentifierName 115 VariableDeclarator 115 EqualsValueClause 115 ObjectCreationExpression 115 GenericName 115 TypeArgumentList 115 IdentifierName 115 ArgumentList
33,FieldDeclaration 33 VariableDeclaration 33 GenericName 33 TypeArgumentList 33 IdentifierName 33 GenericName 33 TypeArgumentList 33 IdentifierName 33 PredefinedType 33 VariableDeclarator 33 EqualsValueClause 33 ObjectCreationExpression 33 GenericName 33 TypeArgumentList 33 IdentifierName 33 GenericName 33 TypeArgumentList 33 IdentifierName 33 PredefinedType
129,ThrowStatement 129 ObjectCreationExpression 129 IdentifierName 129 ArgumentList
17,FieldDeclaration 17 VariableDeclaration 17 GenericName 17 TypeArgumentList 17 IdentifierName 17 VariableDeclarator 17 EqualsValueClause 17 ObjectCreationExpression 17 GenericName 17 TypeArgumentList 17 IdentifierName
57,FieldDeclaration 57 VariableDeclaration 57 GenericName 57 TypeArgumentList 57 IdentifierName 57 VariableDeclarator 57 EqualsValueClause 57 ObjectCreationExpression 57 GenericName 57 TypeArgumentList 57 IdentifierName
67,LocalDeclarationStatement 67 VariableDeclaration 67 IdentifierName 67 VariableDeclarator 67 EqualsValueClause 67 ObjectCreationExpression 67 GenericName 67 TypeArgumentList 67 PredefinedType 67 CollectionInitializerExpression 67 StringLiteralExpression 67 StringLiteralExpression
111,Parameter 111 IdentifierName
60,LocalDeclarationStatement 60 VariableDeclaration 60 IdentifierName 60 VariableDeclarator 60 EqualsValueClause 60 ObjectCreationExpression 60 GenericName 60 TypeArgumentList 60 PredefinedType 60 CollectionInitializerExpression 60 StringLiteralExpression
15,FieldDeclaration 15 VariableDeclaration 15 GenericName 15 TypeArgumentList 15 IdentifierName 15 VariableDeclarator 15 EqualsValueClause 15 ObjectCreationExpression 15 GenericName 15 TypeArgumentList 15 IdentifierName 15 ArgumentList
17,FieldDeclaration 17 VariableDeclaration 17 GenericName 17 TypeArgumentList 17 IdentifierName 17 VariableDeclarator 17 EqualsValueClause 17 ObjectCreationExpression 17 GenericName 17 TypeArgumentList 17 IdentifierName
43,Parameter 43 IdentifierName
111,LocalDeclarationStatement 111 VariableDeclaration 111 IdentifierName 111 VariableDeclarator 111 EqualsValueClause 111 ObjectCreationExpression 111 GenericName 111 TypeArgumentList 111 IdentifierName 111 ArgumentList
143,MethodDeclaration 143 IdentifierName 143 ParameterList 143 Parameter 143 IdentifierName 144 Block 145 LocalDeclarationStatement 145 VariableDeclaration 145 IdentifierName 145 VariableDeclarator 145 EqualsValueClause 145 InvocationExpression 145 SimpleMemberAccessExpression 145 IdentifierName 145 IdentifierName 145 ArgumentList 146 ReturnStatement 146 InvocationExpression 146 SimpleMemberAccessExpression 146 IdentifierName 146 IdentifierName 146 ArgumentList 146 Argument 146 IdentifierName
32,FieldDeclaration 32 VariableDeclaration 32 GenericName 32 TypeArgumentList 32 IdentifierName 32 GenericName 32 TypeArgumentList 32 IdentifierName 32 PredefinedType 32 VariableDeclarator 32 EqualsValueClause 32 ObjectCreationExpression 32 GenericName 32 TypeArgumentList 32 IdentifierName 32 GenericName 32 TypeArgumentList 32 IdentifierName 32 PredefinedType
168,IfStatement 168 EqualsExpression 168 ElementAccessExpression 168 IdentifierName 168 BracketedArgumentList 168 Argument 168 NumericLiteralExpression 168 StringLiteralExpression
54,FieldDeclaration 54 VariableDeclaration 54 IdentifierName 54 VariableDeclarator 54 EqualsValueClause 54 ObjectCreationExpression 54 IdentifierName 54 ArgumentList
170,SetAccessorDeclaration 170 ArrowExpressionClause 170 SimpleAssignmentExpression 170 IdentifierName 170 SimpleMemberAccessExpression 170 IdentifierName 170 IdentifierName
176,SetAccessorDeclaration 176 ArrowExpressionClause 176 SimpleAssignmentExpression 176 IdentifierName 176 SimpleMemberAccessExpression 176 IdentifierName 176 IdentifierName
182,SetAccessorDeclaration 182 ArrowExpressionClause 182 SimpleAssignmentExpression 182 IdentifierName 182 SimpleMemberAccessExpression 182 IdentifierName 182 IdentifierName
188,SetAccessorDeclaration 188 ArrowExpressionClause 188 SimpleAssignmentExpression 188 IdentifierName 188 SimpleMemberAccessExpression 188 IdentifierName 188 IdentifierName
249,ExpressionStatement 249 SimpleAssignmentExpression 249 SimpleMemberAccessExpression 249 IdentifierName 249 IdentifierName 249 ObjectCreationExpression 249 IdentifierName 249 ArgumentList 249 Argument 249 AddExpression 249 AddExpression 249 StringLiteralExpression 249 InvocationExpression 249 SimpleMemberAccessExpression 249 IdentifierName 249 IdentifierName 249 ArgumentList 249 Argument 249 IdentifierName 249 StringLiteralExpression
325,MethodDeclaration 325 IdentifierName 325 ParameterList 325 Parameter 325 PredefinedType
17,MethodDeclaration 17 PredefinedType 17 ParameterList 17 Parameter 17 IdentifierName
66,MethodDeclaration 66 PredefinedType 66 ParameterList 66 Parameter 66 IdentifierName
10,ClassDeclaration
11,ClassDeclaration 11 BaseList 11 SimpleBaseType 11 GenericName 11 TypeArgumentList 11 PredefinedType 11 IdentifierName 11 SimpleBaseType 11 IdentifierName
21,ConstructorDeclaration 21 ParameterList 21 Parameter 21 IdentifierName
30,ConstructorDeclaration 30 ParameterList 30 Parameter 30 GenericName 30 TypeArgumentList 30 IdentifierName
10,FieldDeclaration 10 VariableDeclaration 10 PredefinedType 10 VariableDeclarator
11,FieldDeclaration 11 VariableDeclaration 11 PredefinedType 11 VariableDeclarator
11,ClassDeclaration 11 BaseList 11 SimpleBaseType 11 IdentifierName
11,ClassDeclaration 11 BaseList 11 SimpleBaseType 11 IdentifierName
15,FieldDeclaration 15 VariableDeclaration 15 IdentifierName 15 VariableDeclarator 15 EqualsValueClause 15 ObjectCreationExpression 15 IdentifierName 15 ArgumentList 15 Argument 15 StringLiteralExpression
20,FieldDeclaration 20 VariableDeclaration 20 GenericName 20 TypeArgumentList 20 IdentifierName 20 VariableDeclarator 20 EqualsValueClause 20 ObjectCreationExpression 20 GenericName 20 TypeArgumentList 20 IdentifierName 20 ArgumentList
12,ClassDeclaration 12 BaseList 12 SimpleBaseType 12 GenericName 12 TypeArgumentList 12 IdentifierName
24,MethodDeclaration 24 PredefinedType 24 TypeParameterList 24 TypeParameter 24 ParameterList 24 Parameter 24 IdentifierName 24 Parameter 24 IdentifierName 24 Parameter 24 IdentifierName
37,MethodDeclaration 37 PredefinedType 37 TypeParameterList 37 TypeParameter 37 ParameterList 37 Parameter 37 IdentifierName 37 Parameter 37 IdentifierName 37 Parameter 37 IdentifierName
52,MethodDeclaration 52 PredefinedType 52 TypeParameterList 52 TypeParameter 52 ParameterList
50,ReturnStatement 50 ObjectCreationExpression 50 IdentifierName 50 ArgumentList 50 Argument 50 InvocationExpression 50 SimpleMemberAccessExpression 50 InvocationExpression 50 SimpleMemberAccessExpression 50 IdentifierName 50 IdentifierName 50 ArgumentList 50 Argument 50 SubtractExpression 50 SimpleMemberAccessExpression 50 IdentifierName 50 IdentifierName 50 NumericLiteralExpression 50 IdentifierName 50 ArgumentList
14,ClassDeclaration 14 BaseList 14 SimpleBaseType 14 IdentifierName 14 SimpleBaseType 14 IdentifierName 14 SimpleBaseType 14 IdentifierName 14 SimpleBaseType 14 GenericName 14 TypeArgumentList 14 IdentifierName
110,MethodDeclaration 110 IdentifierName 110 ParameterList 110 Parameter 110 IdentifierName
110,LocalDeclarationStatement 110 VariableDeclaration 110 IdentifierName 110 VariableDeclarator 110 EqualsValueClause 110 InvocationExpression 110 SimpleMemberAccessExpression 110 InvocationExpression 110 SimpleMemberAccessExpression 110 InvocationExpression 110 SimpleMemberAccessExpression 110 InvocationExpression 110 SimpleMemberAccessExpression 110 IdentifierName 110 GenericName 110 TypeArgumentList 110 IdentifierName 110 ArgumentList 110 IdentifierName 110 ArgumentList 110 IdentifierName 110 ArgumentList
110,LocalDeclarationStatement 110 VariableDeclaration 110 IdentifierName 110 VariableDeclarator 110 EqualsValueClause 110 InvocationExpression 110 SimpleMemberAccessExpression 110 InvocationExpression 110 SimpleMemberAccessExpression 110 InvocationExpression 110 SimpleMemberAccessExpression 110 InvocationExpression 110 SimpleMemberAccessExpression 110 IdentifierName 110 GenericName 110 TypeArgumentList 110 IdentifierName 110 ArgumentList 110 IdentifierName 110 ArgumentList 110 IdentifierName 110 ArgumentList
575,FieldDeclaration 575 VariableDeclaration 575 IdentifierName 575 VariableDeclarator 575 EqualsValueClause 575 ObjectCreationExpression 575 IdentifierName 575 ArgumentList 575 Argument 575 StringLiteralExpression
170,LocalDeclarationStatement 170 VariableDeclaration 170 IdentifierName 170 VariableDeclarator 170 EqualsValueClause 170 InvocationExpression 170 SimpleMemberAccessExpression 170 InvocationExpression 170 SimpleMemberAccessExpression 170 InvocationExpression 170 SimpleMemberAccessExpression 170 InvocationExpression 170 SimpleMemberAccessExpression 170 IdentifierName 170 GenericName 170 TypeArgumentList 170 IdentifierName 170 ArgumentList 170 IdentifierName 170 ArgumentList 170 IdentifierName 170 ArgumentList
551,IfStatement 551 LogicalNotExpression 551 InvocationExpression 551 SimpleMemberAccessExpression 551 IdentifierName 551 IdentifierName 551 ArgumentList 551 Argument 551 SimpleMemberAccessExpression 551 SimpleMemberAccessExpression 551 IdentifierName 551 IdentifierName 551 IdentifierName
13,ClassDeclaration 13 BaseList 13 SimpleBaseType 13 IdentifierName 13 SimpleBaseType 13 IdentifierName 13 SimpleBaseType 13 IdentifierName 13 SimpleBaseType 13 GenericName 13 TypeArgumentList 13 IdentifierName
107,MethodDeclaration 107 IdentifierName 107 ParameterList 107 Parameter 107 IdentifierName
13,ClassDeclaration 13 TypeParameterList 13 TypeParameter 13 BaseList 13 SimpleBaseType 13 GenericName 13 TypeArgumentList 13 PredefinedType 13 IdentifierName
29,Parameter 29 GenericName 29 TypeArgumentList 29 PredefinedType 29 IdentifierName 29 EqualsValueClause 29 NullLiteralExpression
15,ClassDeclaration 15 BaseList 15 SimpleBaseType 15 IdentifierName 15 SimpleBaseType 15 IdentifierName 15 SimpleBaseType 15 IdentifierName 15 SimpleBaseType 15 GenericName 15 TypeArgumentList 15 IdentifierName
147,MethodDeclaration 147 IdentifierName 147 ParameterList 147 Parameter 147 IdentifierName
13,ClassDeclaration 13 BaseList 13 SimpleBaseType 13 IdentifierName 13 SimpleBaseType 13 IdentifierName 13 SimpleBaseType 13 IdentifierName 13 SimpleBaseType 13 GenericName 13 TypeArgumentList 13 IdentifierName
117,MethodDeclaration 117 IdentifierName 117 ParameterList 117 Parameter 117 IdentifierName
16,ClassDeclaration 16 BaseList 16 SimpleBaseType 16 IdentifierName 16 SimpleBaseType 16 IdentifierName 16 SimpleBaseType 16 GenericName 16 TypeArgumentList 16 IdentifierName 16 SimpleBaseType 16 IdentifierName
19,FieldDeclaration 19 VariableDeclaration 19 NullableType 19 IdentifierName 19 VariableDeclarator
19,FieldDeclaration 19 VariableDeclaration 19 NullableType 19 IdentifierName 19 VariableDeclarator
205,MethodDeclaration 205 IdentifierName 205 ParameterList 205 Parameter 205 IdentifierName
307,IfStatement 307 IsExpression 307 ThisExpression 307 IdentifierName
311,ElseClause 311 IfStatement 311 IsExpression 311 ThisExpression 311 IdentifierName
335,IfStatement 335 IsExpression 335 ThisExpression 335 IdentifierName
341,ElseClause
385,IfStatement 385 LogicalAndExpression 385 EqualsExpression 385 SimpleMemberAccessExpression 385 ThisExpression 385 IdentifierName 385 SimpleMemberAccessExpression 385 IdentifierName 385 IdentifierName 385 EqualsExpression 385 SimpleMemberAccessExpression 385 ThisExpression 385 IdentifierName 385 TrueLiteralExpression
13,ClassDeclaration 13 BaseList 13 SimpleBaseType 13 IdentifierName 13 SimpleBaseType 13 IdentifierName 13 SimpleBaseType 13 IdentifierName 13 SimpleBaseType 13 GenericName 13 TypeArgumentList 13 IdentifierName
118,MethodDeclaration 118 IdentifierName 118 ParameterList 118 Parameter 118 IdentifierName
8,ClassDeclaration 8 BaseList 8 SimpleBaseType 8 GenericName 8 TypeArgumentList 8 IdentifierName
50,FieldDeclaration 50 VariableDeclaration 50 PredefinedType 50 VariableDeclarator 50 EqualsValueClause 50 FalseLiteralExpression
71,ThrowStatement 71 InvocationExpression 71 SimpleMemberAccessExpression 71 IdentifierName 71 IdentifierName 71 ArgumentList 71 Argument 71 InvocationExpression 71 IdentifierName 71 ArgumentList 71 Argument 71 IdentifierName
102,ThrowStatement 102 InvocationExpression 102 SimpleMemberAccessExpression 102 IdentifierName 102 IdentifierName 102 ArgumentList 102 Argument 102 InvocationExpression 102 IdentifierName 102 ArgumentList 102 Argument 102 IdentifierName
15,ClassDeclaration 15 BaseList 15 SimpleBaseType 15 IdentifierName 15 SimpleBaseType 15 IdentifierName 15 SimpleBaseType 15 IdentifierName 15 SimpleBaseType 15 GenericName 15 TypeArgumentList 15 IdentifierName
99,MethodDeclaration 99 IdentifierName 99 ParameterList 99 Parameter 99 IdentifierName
13,ClassDeclaration 13 BaseList 13 SimpleBaseType 13 IdentifierName 13 SimpleBaseType 13 IdentifierName 13 SimpleBaseType 13 IdentifierName 13 SimpleBaseType 13 GenericName 13 TypeArgumentList 13 IdentifierName
104,MethodDeclaration 104 IdentifierName 104 ParameterList 104 Parameter 104 IdentifierName
8,ClassDeclaration 8 BaseList 8 SimpleBaseType 8 GenericName 8 TypeArgumentList 8 IdentifierName
14,ClassDeclaration 14 BaseList 14 SimpleBaseType 14 IdentifierName 14 SimpleBaseType 14 IdentifierName 14 SimpleBaseType 14 GenericName 14 TypeArgumentList 14 IdentifierName 14 SimpleBaseType 14 IdentifierName
776,MethodDeclaration 776 IdentifierName 776 ParameterList 776 Parameter 776 IdentifierName
17,ClassDeclaration 17 BaseList 17 SimpleBaseType 17 GenericName 17 TypeArgumentList 17 IdentifierName 17 GenericName 17 TypeArgumentList 17 PredefinedType
114,ClassDeclaration 114 BaseList 114 SimpleBaseType 114 GenericName 114 TypeArgumentList 114 IdentifierName
114,ClassDeclaration 114 BaseList 114 SimpleBaseType 114 GenericName 114 TypeArgumentList 114 IdentifierName
16,ClassDeclaration 16 BaseList 16 SimpleBaseType 16 IdentifierName 16 SimpleBaseType 16 IdentifierName 16 SimpleBaseType 16 IdentifierName
13,ClassDeclaration 13 BaseList 13 SimpleBaseType 13 IdentifierName 13 SimpleBaseType 13 IdentifierName 13 SimpleBaseType 13 IdentifierName
88,ForEachStatement 88 IdentifierName 88 IdentifierName
18,FieldDeclaration 18 VariableDeclaration 18 IdentifierName 18 VariableDeclarator
18,FieldDeclaration 18 VariableDeclaration 18 IdentifierName 18 VariableDeclarator
17,FieldDeclaration 17 VariableDeclaration 17 IdentifierName 17 VariableDeclarator
18,FieldDeclaration 18 VariableDeclaration 18 PredefinedType 18 VariableDeclarator
19,FieldDeclaration 19 VariableDeclaration 19 GenericName 19 TypeArgumentList 19 IdentifierName 19 VariableDeclarator 19 EqualsValueClause 19 ObjectCreationExpression 19 GenericName 19 TypeArgumentList 19 IdentifierName 19 ArgumentList
120,MethodDeclaration 120 PredefinedType 120 ParameterList 120 Parameter 120 IdentifierName
223,IfStatement 223 NotEqualsExpression 223 IdentifierName 223 NullLiteralExpression
349,IfStatement 349 NotEqualsExpression 349 IdentifierName 349 NullLiteralExpression
403,IfStatement 403 NotEqualsExpression 403 IdentifierName 403 NullLiteralExpression
470,IfStatement 470 NotEqualsExpression 470 IdentifierName 470 NullLiteralExpression
576,IfStatement 576 NotEqualsExpression 576 IdentifierName 576 NullLiteralExpression
619,IfStatement 619 NotEqualsExpression 619 SimpleMemberAccessExpression 619 IdentifierName 619 IdentifierName 619 NullLiteralExpression
638,IfStatement 638 NotEqualsExpression 638 IdentifierName 638 NullLiteralExpression
660,IfStatement 660 NotEqualsExpression 660 IdentifierName 660 NullLiteralExpression
682,IfStatement 682 NotEqualsExpression 682 IdentifierName 682 NullLiteralExpression
723,IfStatement 723 NotEqualsExpression 723 IdentifierName 723 NullLiteralExpression
829,IfStatement 829 NotEqualsExpression 829 IdentifierName 829 NullLiteralExpression
948,IfStatement 948 NotEqualsExpression 948 IdentifierName 948 NullLiteralExpression
20,FieldDeclaration 20 VariableDeclaration 20 GenericName 20 TypeArgumentList 20 IdentifierName 20 IdentifierName 20 VariableDeclarator 20 EqualsValueClause 20 ObjectCreationExpression 20 GenericName 20 TypeArgumentList 20 IdentifierName 20 IdentifierName 20 ArgumentList
21,FieldDeclaration 21 VariableDeclaration 21 GenericName 21 TypeArgumentList 21 IdentifierName 21 IdentifierName 21 VariableDeclarator 21 EqualsValueClause 21 ObjectCreationExpression 21 GenericName 21 TypeArgumentList 21 IdentifierName 21 IdentifierName 21 ArgumentList
22,FieldDeclaration 22 VariableDeclaration 22 GenericName 22 TypeArgumentList 22 IdentifierName 22 IdentifierName 22 VariableDeclarator 22 EqualsValueClause 22 ObjectCreationExpression 22 GenericName 22 TypeArgumentList 22 IdentifierName 22 IdentifierName 22 ArgumentList
62,ExpressionStatement 62 SimpleAssignmentExpression 62 IdentifierName 62 ObjectCreationExpression 62 IdentifierName 62 ArgumentList 62 Argument 62 AddExpression 62 AddExpression 62 StringLiteralExpression 62 SimpleMemberAccessExpression 62 IdentifierName 62 IdentifierName 62 StringLiteralExpression
84,MethodDeclaration 84 PredefinedType 84 ParameterList 84 Parameter 84 IdentifierName 84 ArrowExpressionClause 84 InvocationExpression 84 IdentifierName 84 ArgumentList 84 Argument 84 IdentifierName
90,MethodDeclaration 90 PredefinedType 90 ParameterList 90 Parameter 90 IdentifierName 90 ArrowExpressionClause 90 InvocationExpression 90 IdentifierName 90 ArgumentList 90 Argument 90 IdentifierName
96,MethodDeclaration 96 PredefinedType 96 ParameterList 96 Parameter 96 IdentifierName 96 ArrowExpressionClause 96 InvocationExpression 96 IdentifierName 96 ArgumentList 96 Argument 96 IdentifierName
102,MethodDeclaration 102 PredefinedType 102 ParameterList 102 Parameter 102 IdentifierName 102 ArrowExpressionClause 102 InvocationExpression 102 IdentifierName 102 ArgumentList 102 Argument 102 IdentifierName
108,MethodDeclaration 108 PredefinedType 108 ParameterList 108 Parameter 108 IdentifierName 108 ArrowExpressionClause 108 InvocationExpression 108 IdentifierName 108 ArgumentList 108 Argument 108 IdentifierName
114,MethodDeclaration 114 PredefinedType 114 ParameterList 114 Parameter 114 IdentifierName 114 ArrowExpressionClause 114 InvocationExpression 114 IdentifierName 114 ArgumentList 114 Argument 114 IdentifierName
120,MethodDeclaration 120 PredefinedType 120 ParameterList 120 Parameter 120 IdentifierName 120 ArrowExpressionClause 120 InvocationExpression 120 IdentifierName 120 ArgumentList 120 Argument 120 IdentifierName
126,MethodDeclaration 126 PredefinedType 126 ParameterList 126 Parameter 126 IdentifierName 126 ArrowExpressionClause 126 InvocationExpression 126 IdentifierName 126 ArgumentList 126 Argument 126 IdentifierName
132,MethodDeclaration 132 PredefinedType 132 ParameterList 132 Parameter 132 IdentifierName 132 ArrowExpressionClause 132 InvocationExpression 132 IdentifierName 132 ArgumentList 132 Argument 132 IdentifierName
138,MethodDeclaration 138 PredefinedType 138 ParameterList 138 Parameter 138 IdentifierName 138 ArrowExpressionClause 138 InvocationExpression 138 IdentifierName 138 ArgumentList 138 Argument 138 IdentifierName
144,MethodDeclaration 144 PredefinedType 144 ParameterList 144 Parameter 144 IdentifierName 144 ArrowExpressionClause 144 InvocationExpression 144 IdentifierName 144 ArgumentList 144 Argument 144 IdentifierName
150,MethodDeclaration 150 PredefinedType 150 ParameterList 150 Parameter 150 IdentifierName 150 ArrowExpressionClause 150 InvocationExpression 150 IdentifierName 150 ArgumentList 150 Argument 150 IdentifierName
156,MethodDeclaration 156 PredefinedType 156 ParameterList 156 Parameter 156 IdentifierName 156 ArrowExpressionClause 156 InvocationExpression 156 IdentifierName 156 ArgumentList 156 Argument 156 IdentifierName
162,MethodDeclaration 162 PredefinedType 162 ParameterList 162 Parameter 162 IdentifierName 162 ArrowExpressionClause 162 InvocationExpression 162 IdentifierName 162 ArgumentList 162 Argument 162 IdentifierName
168,MethodDeclaration 168 PredefinedType 168 ParameterList 168 Parameter 168 IdentifierName 168 ArrowExpressionClause 168 InvocationExpression 168 IdentifierName 168 ArgumentList 168 Argument 168 IdentifierName
174,MethodDeclaration 174 PredefinedType 174 ParameterList 174 Parameter 174 IdentifierName 174 ArrowExpressionClause 174 InvocationExpression 174 IdentifierName 174 ArgumentList 174 Argument 174 IdentifierName
180,MethodDeclaration 180 PredefinedType 180 ParameterList 180 Parameter 180 IdentifierName 180 ArrowExpressionClause 180 InvocationExpression 180 IdentifierName 180 ArgumentList 180 Argument 180 IdentifierName
186,MethodDeclaration 186 PredefinedType 186 ParameterList 186 Parameter 186 IdentifierName 186 ArrowExpressionClause 186 InvocationExpression 186 IdentifierName 186 ArgumentList 186 Argument 186 IdentifierName
192,MethodDeclaration 192 PredefinedType 192 ParameterList 192 Parameter 192 IdentifierName 192 ArrowExpressionClause 192 InvocationExpression 192 IdentifierName 192 ArgumentList 192 Argument 192 IdentifierName 192 Argument 192 InvocationExpression 192 SimpleMemberAccessExpression 192 IdentifierName 192 IdentifierName 192 ArgumentList
198,MethodDeclaration 198 PredefinedType 198 ParameterList 198 Parameter 198 GenericName 198 TypeArgumentList 198 IdentifierName 198 ArrowExpressionClause 198 InvocationExpression 198 IdentifierName 198 ArgumentList 198 Argument 198 IdentifierName 198 Argument 198 InvocationExpression 198 SimpleMemberAccessExpression 198 IdentifierName 198 IdentifierName 198 ArgumentList
204,MethodDeclaration 204 PredefinedType 204 ParameterList 204 Parameter 204 IdentifierName 204 ArrowExpressionClause 204 InvocationExpression 204 IdentifierName 204 ArgumentList 204 Argument 204 IdentifierName
210,MethodDeclaration 210 PredefinedType 210 ParameterList 210 Parameter 210 IdentifierName 210 ArrowExpressionClause 210 InvocationExpression 210 IdentifierName 210 ArgumentList 210 Argument 210 IdentifierName
216,MethodDeclaration 216 PredefinedType 216 ParameterList 216 Parameter 216 IdentifierName 216 ArrowExpressionClause 216 InvocationExpression 216 IdentifierName 216 ArgumentList 216 Argument 216 IdentifierName
222,MethodDeclaration 222 PredefinedType 222 ParameterList 222 Parameter 222 IdentifierName 222 ArrowExpressionClause 222 InvocationExpression 222 IdentifierName 222 ArgumentList 222 Argument 222 IdentifierName
228,MethodDeclaration 228 PredefinedType 228 ParameterList 228 Parameter 228 IdentifierName 228 ArrowExpressionClause 228 InvocationExpression 228 IdentifierName 228 ArgumentList 228 Argument 228 IdentifierName
234,MethodDeclaration 234 PredefinedType 234 ParameterList 234 Parameter 234 IdentifierName 234 ArrowExpressionClause 234 InvocationExpression 234 IdentifierName 234 ArgumentList 234 Argument 234 IdentifierName
240,MethodDeclaration 240 PredefinedType 240 ParameterList 240 Parameter 240 IdentifierName 240 ArrowExpressionClause 240 InvocationExpression 240 IdentifierName 240 ArgumentList 240 Argument 240 IdentifierName
246,MethodDeclaration 246 PredefinedType 246 ParameterList 246 Parameter 246 IdentifierName 246 ArrowExpressionClause 246 InvocationExpression 246 IdentifierName 246 ArgumentList 246 Argument 246 IdentifierName
252,MethodDeclaration 252 PredefinedType 252 ParameterList 252 Parameter 252 IdentifierName 252 ArrowExpressionClause 252 InvocationExpression 252 IdentifierName 252 ArgumentList 252 Argument 252 IdentifierName
257,MethodDeclaration 257 PredefinedType 257 ParameterList 257 Parameter 257 GenericName 257 TypeArgumentList 257 IdentifierName 257 IdentifierName 257 ArrowExpressionClause 257 InvocationExpression 257 IdentifierName 257 ArgumentList 257 Argument 257 IdentifierName 257 Argument 257 InvocationExpression 257 SimpleMemberAccessExpression 257 IdentifierName 257 IdentifierName 257 ArgumentList
262,MethodDeclaration 262 PredefinedType 262 ParameterList 262 Parameter 262 GenericName 262 TypeArgumentList 262 PredefinedType 262 IdentifierName 262 ArrowExpressionClause 262 InvocationExpression 262 IdentifierName 262 ArgumentList 262 Argument 262 IdentifierName 262 Argument 262 InvocationExpression 262 SimpleMemberAccessExpression 262 IdentifierName 262 IdentifierName 262 ArgumentList
267,MethodDeclaration 267 PredefinedType 267 ParameterList 267 Parameter 267 GenericName 267 TypeArgumentList 267 PredefinedType 267 IdentifierName 267 ArrowExpressionClause 267 InvocationExpression 267 IdentifierName 267 ArgumentList 267 Argument 267 IdentifierName 267 Argument 267 InvocationExpression 267 SimpleMemberAccessExpression 267 IdentifierName 267 IdentifierName 267 ArgumentList
272,MethodDeclaration 272 PredefinedType 272 ParameterList 272 Parameter 272 GenericName 272 TypeArgumentList 272 PredefinedType 272 IdentifierName 272 ArrowExpressionClause 272 InvocationExpression 272 IdentifierName 272 ArgumentList 272 Argument 272 IdentifierName 272 Argument 272 InvocationExpression 272 SimpleMemberAccessExpression 272 IdentifierName 272 IdentifierName 272 ArgumentList
277,MethodDeclaration 277 PredefinedType 277 ParameterList 277 Parameter 277 GenericName 277 TypeArgumentList 277 PredefinedType 277 IdentifierName 277 ArrowExpressionClause 277 InvocationExpression 277 IdentifierName 277 ArgumentList 277 Argument 277 IdentifierName 277 Argument 277 InvocationExpression 277 SimpleMemberAccessExpression 277 IdentifierName 277 IdentifierName 277 ArgumentList
282,MethodDeclaration 282 PredefinedType 282 ParameterList 282 Parameter 282 GenericName 282 TypeArgumentList 282 PredefinedType 282 IdentifierName 282 ArrowExpressionClause 282 InvocationExpression 282 IdentifierName 282 ArgumentList 282 Argument 282 IdentifierName 282 Argument 282 InvocationExpression 282 SimpleMemberAccessExpression 282 IdentifierName 282 IdentifierName 282 ArgumentList
287,MethodDeclaration 287 PredefinedType 287 ParameterList 287 Parameter 287 GenericName 287 TypeArgumentList 287 PredefinedType 287 IdentifierName 287 ArrowExpressionClause 287 InvocationExpression 287 IdentifierName 287 ArgumentList 287 Argument 287 IdentifierName 287 Argument 287 InvocationExpression 287 SimpleMemberAccessExpression 287 IdentifierName 287 IdentifierName 287 ArgumentList
292,MethodDeclaration 292 PredefinedType 292 ParameterList 292 Parameter 292 GenericName 292 TypeArgumentList 292 PredefinedType 292 IdentifierName 292 ArrowExpressionClause 292 InvocationExpression 292 IdentifierName 292 ArgumentList 292 Argument 292 IdentifierName 292 Argument 292 InvocationExpression 292 SimpleMemberAccessExpression 292 IdentifierName 292 IdentifierName 292 ArgumentList
19,FieldDeclaration 19 VariableDeclaration 19 IdentifierName 19 VariableDeclarator 19 EqualsValueClause 19 ObjectCreationExpression 19 IdentifierName 19 ArgumentList 19 Argument 19 StringLiteralExpression
19,FieldDeclaration 19 VariableDeclaration 19 IdentifierName 19 VariableDeclarator 19 EqualsValueClause 19 ObjectCreationExpression 19 IdentifierName 19 ArgumentList 19 Argument 19 StringLiteralExpression
26,IfStatement 26 LogicalNotExpression 26 InvocationExpression 26 SimpleMemberAccessExpression 26 SimpleMemberAccessExpression 26 IdentifierName 26 IdentifierName 26 IdentifierName 26 ArgumentList
24,ForEachStatement 24 IdentifierName 24 SimpleMemberAccessExpression 24 IdentifierName 24 IdentifierName
60,IfStatement 60 IsExpression 60 IdentifierName 60 IdentifierName
280,ReturnStatement
19,FieldDeclaration 19 VariableDeclaration 19 GenericName 19 TypeArgumentList 19 IdentifierName 19 GenericName 19 TypeArgumentList 19 IdentifierName 19 VariableDeclarator 19 EqualsValueClause 19 ObjectCreationExpression 19 GenericName 19 TypeArgumentList 19 IdentifierName 19 GenericName 19 TypeArgumentList 19 IdentifierName 19 ArgumentList
23,FieldDeclaration 23 VariableDeclaration 23 GenericName 23 TypeArgumentList 23 IdentifierName 23 VariableDeclarator 23 EqualsValueClause 23 ObjectCreationExpression 23 GenericName 23 TypeArgumentList 23 IdentifierName 23 ArgumentList
116,ReturnStatement 116 InvocationExpression 116 SimpleMemberAccessExpression 116 InvocationExpression 116 SimpleMemberAccessExpression 116 SimpleMemberAccessExpression 116 IdentifierName 116 IdentifierName 116 IdentifierName 116 ArgumentList 116 Argument 116 SimpleLambdaExpression 116 Parameter 116 IdentifierName 116 IdentifierName 116 ArgumentList
44,FieldDeclaration 44 VariableDeclaration 44 PredefinedType 44 VariableDeclarator 44 EqualsValueClause 44 FalseLiteralExpression
42,ConstructorDeclaration 42 ParameterList 42 Parameter 42 IdentifierName 42 ThisConstructorInitializer 42 ArgumentList 42 Argument 42 IdentifierName 42 Argument 42 NullLiteralExpression
51,ConstructorDeclaration 51 ParameterList 51 Parameter 51 IdentifierName 51 Parameter 51 IdentifierName
22,MethodDeclaration 22 PredefinedType 22 ParameterList 22 Parameter 22 IdentifierName 22 Parameter 22 PredefinedType 22 Parameter 22 PredefinedType
248,MethodDeclaration 248 PredefinedType 248 ParameterList
267,MethodDeclaration 267 PredefinedType 267 ParameterList
33,FieldDeclaration 33 VariableDeclaration 33 IdentifierName 33 VariableDeclarator 33 EqualsValueClause 33 SimpleMemberAccessExpression 33 IdentifierName 33 IdentifierName
33,FieldDeclaration 33 VariableDeclaration 33 IdentifierName 33 VariableDeclarator 33 EqualsValueClause 33 SimpleMemberAccessExpression 33 IdentifierName 33 IdentifierName
152,Block 153 ExpressionStatement 153 InvocationExpression 153 SimpleMemberAccessExpression 153 IdentifierName 153 IdentifierName 153 ArgumentList 154 ExpressionStatement 154 InvocationExpression 154 IdentifierName 154 ArgumentList
246,ExpressionStatement 246 InvocationExpression 246 SimpleMemberAccessExpression 246 IdentifierName 246 IdentifierName 246 ArgumentList 246 Argument 246 IdentifierName
262,ExpressionStatement 262 InvocationExpression 262 SimpleMemberAccessExpression 262 IdentifierName 262 IdentifierName 262 ArgumentList 262 Argument 262 IdentifierName
32,ObjectInitializerExpression
54,ObjectInitializerExpression
16,LocalDeclarationStatement 16 VariableDeclaration 16 IdentifierName 16 VariableDeclarator 16 EqualsValueClause 16 ParenthesizedLambdaExpression 16 ParameterList 16 ObjectCreationExpression 16 IdentifierName 16 ArgumentList 16 Argument 16 NullLiteralExpression
19,LocalDeclarationStatement 19 VariableDeclaration 19 IdentifierName 19 VariableDeclarator 19 EqualsValueClause 19 ParenthesizedLambdaExpression 19 ParameterList 19 ObjectCreationExpression 19 IdentifierName 19 ArgumentList 19 Argument 19 IdentifierName
22,ExpressionStatement 22 InvocationExpression 22 SimpleMemberAccessExpression 22 IdentifierName 22 GenericName 22 TypeArgumentList 22 IdentifierName 22 ArgumentList 22 Argument 22 StringLiteralExpression 22 Argument 22 IdentifierName
19,LocalDeclarationStatement 19 VariableDeclaration 19 IdentifierName 19 VariableDeclarator 19 EqualsValueClause 19 ParenthesizedLambdaExpression 19 ParameterList 19 ObjectCreationExpression 19 IdentifierName 19 ArgumentList 19 Argument 19 IdentifierName
22,ExpressionStatement 22 InvocationExpression 22 SimpleMemberAccessExpression 22 IdentifierName 22 GenericName 22 TypeArgumentList 22 IdentifierName 22 ArgumentList 22 Argument 22 StringLiteralExpression 22 Argument 22 IdentifierName
19,LocalDeclarationStatement 19 VariableDeclaration 19 IdentifierName 19 VariableDeclarator 19 EqualsValueClause 19 ParenthesizedLambdaExpression 19 ParameterList 19 ObjectCreationExpression 19 IdentifierName 19 ArgumentList 19 Argument 19 IdentifierName
22,ExpressionStatement 22 InvocationExpression 22 SimpleMemberAccessExpression 22 IdentifierName 22 GenericName 22 TypeArgumentList 22 IdentifierName 22 ArgumentList 22 Argument 22 StringLiteralExpression 22 Argument 22 IdentifierName
16,LocalDeclarationStatement 16 VariableDeclaration 16 IdentifierName 16 VariableDeclarator 16 EqualsValueClause 16 ParenthesizedLambdaExpression 16 ParameterList 16 ObjectCreationExpression 16 IdentifierName 16 ArgumentList 16 Argument 16 NameColon 16 IdentifierName 16 NullLiteralExpression
16,LocalDeclarationStatement 16 VariableDeclaration 16 IdentifierName 16 VariableDeclarator 16 EqualsValueClause 16 ParenthesizedLambdaExpression 16 ParameterList 16 ObjectCreationExpression 16 IdentifierName 16 ArgumentList 16 Argument 16 NameColon 16 IdentifierName 16 NullLiteralExpression
27,ExpressionStatement 27 InvocationExpression 27 SimpleMemberAccessExpression 27 IdentifierName 27 GenericName 27 TypeArgumentList 27 IdentifierName 27 ArgumentList 27 Argument 27 StringLiteralExpression 27 Argument 27 IdentifierName
19,FieldDeclaration 19 VariableDeclaration 19 IdentifierName 19 VariableDeclarator 19 EqualsValueClause 19 ObjectCreationExpression 19 IdentifierName
57,FieldDeclaration 57 VariableDeclaration 57 IdentifierName 57 VariableDeclarator 57 EqualsValueClause 57 ObjectCreationExpression 57 IdentifierName
16,FieldDeclaration 16 VariableDeclaration 16 IdentifierName 16 VariableDeclarator 16 EqualsValueClause 16 ObjectCreationExpression 16 IdentifierName
65,FieldDeclaration 65 VariableDeclaration 65 IdentifierName 65 VariableDeclarator 65 EqualsValueClause 65 ObjectCreationExpression 65 IdentifierName
142,FieldDeclaration 142 VariableDeclaration 142 IdentifierName 142 VariableDeclarator 142 EqualsValueClause 142 ObjectCreationExpression 142 IdentifierName 142 ArgumentList
144,FieldDeclaration 144 VariableDeclaration 144 IdentifierName 144 VariableDeclarator 144 EqualsValueClause 144 ObjectCreationExpression 144 IdentifierName
172,FieldDeclaration 172 VariableDeclaration 172 IdentifierName 172 VariableDeclarator 172 EqualsValueClause 172 ObjectCreationExpression 172 IdentifierName 172 ArgumentList
198,FieldDeclaration 198 VariableDeclaration 198 IdentifierName 198 VariableDeclarator 198 EqualsValueClause 198 ObjectCreationExpression 198 IdentifierName 198 ArgumentList
232,FieldDeclaration 232 VariableDeclaration 232 IdentifierName 232 VariableDeclarator 232 EqualsValueClause 232 ObjectCreationExpression 232 IdentifierName 232 ArgumentList
17,FieldDeclaration 17 VariableDeclaration 17 IdentifierName 17 VariableDeclarator 17 EqualsValueClause 17 ObjectCreationExpression 17 IdentifierName 17 ArgumentList
19,FieldDeclaration 19 VariableDeclaration 19 IdentifierName 19 VariableDeclarator 19 EqualsValueClause 19 ObjectCreationExpression 19 IdentifierName
25,FieldDeclaration 25 VariableDeclaration 25 IdentifierName 25 VariableDeclarator 25 EqualsValueClause 25 ObjectCreationExpression 25 IdentifierName 25 ArgumentList
51,FieldDeclaration 51 VariableDeclaration 51 IdentifierName 51 VariableDeclarator 51 EqualsValueClause 51 ObjectCreationExpression 51 IdentifierName 51 ArgumentList
85,FieldDeclaration 85 VariableDeclaration 85 IdentifierName 85 VariableDeclarator 85 EqualsValueClause 85 ObjectCreationExpression 85 IdentifierName 85 ArgumentList
100,FieldDeclaration 100 VariableDeclaration 100 IdentifierName 100 VariableDeclarator 100 EqualsValueClause 100 ObjectCreationExpression 100 IdentifierName 100 ArgumentList
109,FieldDeclaration 109 VariableDeclaration 109 IdentifierName 109 VariableDeclarator 109 EqualsValueClause 109 ObjectCreationExpression 109 IdentifierName 109 ArgumentList
118,FieldDeclaration 118 VariableDeclaration 118 IdentifierName 118 VariableDeclarator 118 EqualsValueClause 118 ObjectCreationExpression 118 IdentifierName 118 ArgumentList
127,FieldDeclaration 127 VariableDeclaration 127 IdentifierName 127 VariableDeclarator 127 EqualsValueClause 127 ObjectCreationExpression 127 IdentifierName
219,FieldDeclaration 219 VariableDeclaration 219 IdentifierName 219 VariableDeclarator 219 EqualsValueClause 219 ElementAccessExpression 219 SimpleMemberAccessExpression 219 IdentifierName 219 IdentifierName 219 BracketedArgumentList 219 Argument 219 StringLiteralExpression
221,FieldDeclaration 221 VariableDeclaration 221 IdentifierName 221 VariableDeclarator 221 EqualsValueClause 221 ElementAccessExpression 221 SimpleMemberAccessExpression 221 IdentifierName 221 IdentifierName 221 BracketedArgumentList 221 Argument 221 StringLiteralExpression
223,FieldDeclaration 223 VariableDeclaration 223 IdentifierName 223 VariableDeclarator 223 EqualsValueClause
226,FieldDeclaration 226 VariableDeclaration 226 IdentifierName 226 VariableDeclarator 226 EqualsValueClause 226 ObjectCreationExpression 226 IdentifierName
518,FieldDeclaration 518 VariableDeclaration 518 IdentifierName 518 VariableDeclarator 518 EqualsValueClause 518 ObjectCreationExpression 518 IdentifierName
595,FieldDeclaration 595 VariableDeclaration 595 IdentifierName 595 VariableDeclarator 595 EqualsValueClause 595 ElementAccessExpression 595 SimpleMemberAccessExpression 595 IdentifierName 595 IdentifierName 595 BracketedArgumentList 595 Argument 595 StringLiteralExpression
597,FieldDeclaration 597 VariableDeclaration 597 IdentifierName 597 VariableDeclarator 597 EqualsValueClause 597 ElementAccessExpression 597 SimpleMemberAccessExpression 597 IdentifierName 597 IdentifierName 597 BracketedArgumentList 597 Argument 597 StringLiteralExpression
599,FieldDeclaration 599 VariableDeclaration 599 IdentifierName 599 VariableDeclarator 599 EqualsValueClause 599 ElementAccessExpression 599 SimpleMemberAccessExpression 599 IdentifierName 599 IdentifierName 599 BracketedArgumentList 599 Argument 599 StringLiteralExpression
893,FieldDeclaration 893 VariableDeclaration 893 IdentifierName 893 VariableDeclarator 893 EqualsValueClause 893 ObjectCreationExpression 893 IdentifierName
13,FieldDeclaration 13 VariableDeclaration 13 IdentifierName 13 VariableDeclarator 13 EqualsValueClause 13 ObjectCreationExpression 13 IdentifierName 13 ArgumentList
15,FieldDeclaration 15 VariableDeclaration 15 IdentifierName 15 VariableDeclarator 15 EqualsValueClause 15 ObjectCreationExpression 15 IdentifierName
21,FieldDeclaration 21 VariableDeclaration 21 IdentifierName 21 VariableDeclarator 21 EqualsValueClause 21 ObjectCreationExpression 21 IdentifierName
60,FieldDeclaration 60 VariableDeclaration 60 IdentifierName 60 VariableDeclarator 60 EqualsValueClause 60 ObjectCreationExpression 60 IdentifierName
14,FieldDeclaration 14 VariableDeclaration 14 IdentifierName 14 VariableDeclarator 14 EqualsValueClause 14 ObjectCreationExpression 14 IdentifierName 14 ArgumentList
16,FieldDeclaration 16 VariableDeclaration 16 IdentifierName 16 VariableDeclarator 16 EqualsValueClause 16 ObjectCreationExpression 16 IdentifierName
18,FieldDeclaration 18 VariableDeclaration 18 IdentifierName 18 VariableDeclarator 18 EqualsValueClause 18 ObjectCreationExpression 18 IdentifierName
28,FieldDeclaration 28 VariableDeclaration 28 IdentifierName 28 VariableDeclarator 28 EqualsValueClause 28 ObjectCreationExpression 28 IdentifierName
17,FieldDeclaration 17 VariableDeclaration 17 IdentifierName 17 VariableDeclarator 17 EqualsValueClause 17 ObjectCreationExpression 17 IdentifierName
31,FieldDeclaration 31 VariableDeclaration 31 IdentifierName 31 VariableDeclarator 31 EqualsValueClause 31 ObjectCreationExpression 31 IdentifierName
17,FieldDeclaration 17 VariableDeclaration 17 IdentifierName 17 VariableDeclarator 17 EqualsValueClause 17 ObjectCreationExpression 17 IdentifierName
22,FieldDeclaration 22 VariableDeclaration 22 IdentifierName 22 VariableDeclarator 22 EqualsValueClause 22 ObjectCreationExpression 22 IdentifierName
20,FieldDeclaration 20 VariableDeclaration 20 IdentifierName 20 VariableDeclarator 20 EqualsValueClause 20 ObjectCreationExpression 20 IdentifierName
44,FieldDeclaration 44 VariableDeclaration 44 IdentifierName 44 VariableDeclarator 44 EqualsValueClause 44 ObjectCreationExpression 44 IdentifierName
16,FieldDeclaration 16 VariableDeclaration 16 IdentifierName 16 VariableDeclarator 16 EqualsValueClause 16 ObjectCreationExpression 16 IdentifierName 16 ArgumentList
18,FieldDeclaration 18 VariableDeclaration 18 IdentifierName 18 VariableDeclarator 18 EqualsValueClause 18 ObjectCreationExpression 18 IdentifierName
27,FieldDeclaration 27 VariableDeclaration 27 IdentifierName 27 VariableDeclarator 27 EqualsValueClause 27 ObjectCreationExpression 27 IdentifierName
68,FieldDeclaration 68 VariableDeclaration 68 IdentifierName 68 VariableDeclarator 68 EqualsValueClause 68 ObjectCreationExpression 68 IdentifierName
77,FieldDeclaration 77 VariableDeclaration 77 IdentifierName 77 VariableDeclarator 77 EqualsValueClause 77 ObjectCreationExpression 77 IdentifierName
16,FieldDeclaration 16 VariableDeclaration 16 IdentifierName 16 VariableDeclarator 16 EqualsValueClause 16 ObjectCreationExpression 16 IdentifierName 16 ArgumentList
18,FieldDeclaration 18 VariableDeclaration 18 IdentifierName 18 VariableDeclarator 18 EqualsValueClause 18 ObjectCreationExpression 18 IdentifierName
28,FieldDeclaration 28 VariableDeclaration 28 IdentifierName 28 VariableDeclarator 28 EqualsValueClause 28 ObjectCreationExpression 28 IdentifierName
16,FieldDeclaration 16 VariableDeclaration 16 IdentifierName 16 VariableDeclarator 16 EqualsValueClause 16 ObjectCreationExpression 16 IdentifierName 16 ArgumentList
18,FieldDeclaration 18 VariableDeclaration 18 IdentifierName 18 VariableDeclarator 18 EqualsValueClause 18 ObjectCreationExpression 18 IdentifierName
31,FieldDeclaration 31 VariableDeclaration 31 IdentifierName 31 VariableDeclarator 31 EqualsValueClause 31 ObjectCreationExpression 31 IdentifierName
22,FieldDeclaration 22 VariableDeclaration 22 IdentifierName 22 VariableDeclarator 22 EqualsValueClause 22 ObjectCreationExpression 22 IdentifierName
28,FieldDeclaration 28 VariableDeclaration 28 IdentifierName 28 VariableDeclarator 28 EqualsValueClause 28 ObjectCreationExpression 28 IdentifierName
39,FieldDeclaration 39 VariableDeclaration 39 IdentifierName 39 VariableDeclarator 39 EqualsValueClause 39 ObjectCreationExpression 39 IdentifierName
69,FieldDeclaration 69 VariableDeclaration 69 IdentifierName 69 VariableDeclarator 69 EqualsValueClause 69 ObjectCreationExpression 69 IdentifierName
91,FieldDeclaration 91 VariableDeclaration 91 IdentifierName 91 VariableDeclarator 91 EqualsValueClause 91 ObjectCreationExpression 91 IdentifierName
113,FieldDeclaration 113 VariableDeclaration 113 IdentifierName 113 VariableDeclarator 113 EqualsValueClause 113 ObjectCreationExpression 113 IdentifierName
142,FieldDeclaration 142 VariableDeclaration 142 IdentifierName 142 VariableDeclarator 142 EqualsValueClause 142 ObjectCreationExpression 142 IdentifierName
18,FieldDeclaration 18 VariableDeclaration 18 IdentifierName 18 VariableDeclarator 18 EqualsValueClause 18 ObjectCreationExpression 18 IdentifierName
34,FieldDeclaration 34 VariableDeclaration 34 IdentifierName 34 VariableDeclarator 34 EqualsValueClause 34 ObjectCreationExpression 34 IdentifierName
23,FieldDeclaration 23 VariableDeclaration 23 IdentifierName 23 VariableDeclarator 23 EqualsValueClause 23 ObjectCreationExpression 23 IdentifierName 23 ArgumentList
25,FieldDeclaration 25 VariableDeclaration 25 IdentifierName 25 VariableDeclarator 25 EqualsValueClause 25 ObjectCreationExpression 25 IdentifierName
68,FieldDeclaration 68 VariableDeclaration 68 IdentifierName 68 VariableDeclarator 68 EqualsValueClause 68 ObjectCreationExpression 68 IdentifierName
23,FieldDeclaration 23 VariableDeclaration 23 IdentifierName 23 VariableDeclarator 23 EqualsValueClause 23 ObjectCreationExpression 23 IdentifierName 23 ArgumentList
25,FieldDeclaration 25 VariableDeclaration 25 IdentifierName 25 VariableDeclarator 25 EqualsValueClause 25 ObjectCreationExpression 25 IdentifierName
42,FieldDeclaration 42 VariableDeclaration 42 IdentifierName 42 VariableDeclarator 42 EqualsValueClause 42 ObjectCreationExpression 42 IdentifierName
91,FieldDeclaration 91 VariableDeclaration 91 IdentifierName 91 VariableDeclarator 91 EqualsValueClause 91 ObjectCreationExpression 91 IdentifierName
143,FieldDeclaration 143 VariableDeclaration 143 IdentifierName 143 VariableDeclarator 143 EqualsValueClause 143 ObjectCreationExpression 143 IdentifierName
166,FieldDeclaration 166 VariableDeclaration 166 IdentifierName 166 VariableDeclarator 166 EqualsValueClause 166 ObjectCreationExpression 166 IdentifierName
15,FieldDeclaration 15 VariableDeclaration 15 IdentifierName 15 VariableDeclarator 15 EqualsValueClause 15 ObjectCreationExpression 15 IdentifierName 15 ArgumentList
17,FieldDeclaration 17 VariableDeclaration 17 IdentifierName 17 VariableDeclarator 17 EqualsValueClause
49,FieldDeclaration 49 VariableDeclaration 49 IdentifierName 49 VariableDeclarator 49 EqualsValueClause
22,FieldDeclaration 22 VariableDeclaration 22 IdentifierName 22 VariableDeclarator 22 EqualsValueClause 22 ObjectCreationExpression 22 IdentifierName
30,FieldDeclaration 30 VariableDeclaration 30 IdentifierName 30 VariableDeclarator 30 EqualsValueClause 30 ObjectCreationExpression 30 IdentifierName
38,FieldDeclaration 38 VariableDeclaration 38 IdentifierName 38 VariableDeclarator 38 EqualsValueClause 38 ObjectCreationExpression 38 IdentifierName
46,FieldDeclaration 46 VariableDeclaration 46 IdentifierName 46 VariableDeclarator 46 EqualsValueClause 46 ObjectCreationExpression 46 IdentifierName
64,FieldDeclaration 64 VariableDeclaration 64 IdentifierName 64 VariableDeclarator 64 EqualsValueClause 64 ObjectCreationExpression 64 IdentifierName
102,FieldDeclaration 102 VariableDeclaration 102 IdentifierName 102 VariableDeclarator 102 EqualsValueClause 102 ObjectCreationExpression 102 IdentifierName
110,FieldDeclaration 110 VariableDeclaration 110 IdentifierName 110 VariableDeclarator 110 EqualsValueClause 110 ObjectCreationExpression 110 IdentifierName
14,FieldDeclaration 14 VariableDeclaration 14 IdentifierName 14 VariableDeclarator 14 EqualsValueClause 14 ObjectCreationExpression 14 IdentifierName
20,FieldDeclaration 20 VariableDeclaration 20 IdentifierName 20 VariableDeclarator 20 EqualsValueClause 20 ObjectCreationExpression 20 IdentifierName
14,FieldDeclaration 14 VariableDeclaration 14 IdentifierName 14 VariableDeclarator 14 EqualsValueClause 14 ObjectCreationExpression 14 IdentifierName 14 ArgumentList
16,FieldDeclaration 16 VariableDeclaration 16 IdentifierName 16 VariableDeclarator 16 EqualsValueClause 16 ObjectCreationExpression 16 IdentifierName
21,FieldDeclaration 21 VariableDeclaration 21 IdentifierName 21 VariableDeclarator 21 EqualsValueClause 21 ObjectCreationExpression 21 IdentifierName 21 ArgumentList
23,FieldDeclaration 23 VariableDeclaration 23 IdentifierName 23 VariableDeclarator 23 EqualsValueClause 23 ObjectCreationExpression 23 IdentifierName
34,FieldDeclaration 34 VariableDeclaration 34 IdentifierName 34 VariableDeclarator 34 EqualsValueClause 34 ObjectCreationExpression 34 IdentifierName
17,FieldDeclaration 17 VariableDeclaration 17 IdentifierName 17 VariableDeclarator 17 EqualsValueClause 17 ObjectCreationExpression 17 IdentifierName
30,FieldDeclaration 30 VariableDeclaration 30 IdentifierName 30 VariableDeclarator 30 EqualsValueClause 30 ObjectCreationExpression 30 IdentifierName 30 ArgumentList
17,PropertyDeclaration 17 IdentifierName 17 ArrowExpressionClause 17 ObjectCreationExpression 17 IdentifierName 17 ArgumentList
45,PropertyDeclaration 45 IdentifierName 45 ArrowExpressionClause 45 ObjectCreationExpression 45 IdentifierName 45 ArgumentList
103,ExpressionStatement 103 InvocationExpression 103 SimpleMemberAccessExpression 103 IdentifierName 103 IdentifierName 103 ArgumentList 103 Argument 103 EqualsExpression 103 InvocationExpression 103 SimpleMemberAccessExpression 103 IdentifierName 103 IdentifierName 103 ArgumentList 103 NumericLiteralExpression
152,ExpressionStatement 152 InvocationExpression 152 SimpleMemberAccessExpression 152 IdentifierName 152 IdentifierName 152 ArgumentList 152 Argument 152 EqualsExpression 152 InvocationExpression 152 SimpleMemberAccessExpression 152 IdentifierName 152 IdentifierName 152 ArgumentList 152 NumericLiteralExpression
66,ExpressionStatement 66 InvocationExpression 66 SimpleMemberAccessExpression 66 IdentifierName 66 IdentifierName 66 ArgumentList 66 Argument 66 LessThanExpression 66 NumericLiteralExpression 66 InvocationExpression 66 SimpleMemberAccessExpression 66 SimpleMemberAccessExpression 66 ParenthesizedExpression 66 CastExpression 66 IdentifierName 66 IdentifierName 66 IdentifierName 66 IdentifierName 66 ArgumentList
153,MethodDeclaration 153 PredefinedType 153 ParameterList
